Participant_ID,Name,Email,College,State,Domain,Day,Participation_Status,Score,Feedback,Image_File,Date
1,Sarah White,emily_johnson@gmail.com,Berkeley,New York,AI & ML,Day 2,Dropped,75,difficult difficult difficult innovative intense exciting intense difficult challenging innovative,participant_1.jpg,2025-04-01
2,Chris Brown,katie_jackson@gmail.com,CMU,Florida,IoT,Day 2,Completed,100,challenging innovative difficult average average fun intense great great exciting,participant_2.jpg,2025-04-02
3,Katie Martin,laura_taylor@outlook.com,Harvard,California,FinTech,Day 1,Completed,94,great innovative difficult great challenging intense exciting fun great average,participant_3.jpg,2025-04-03
4,Alex Brown,sarah_jackson@gmail.com,Stanford,New York,AI & ML,Day 2,Ongoing,96,fun rewarding fun intense rewarding rewarding exciting fun rewarding challenging,participant_4.jpg,2025-04-04
5,Katie Anderson,chris_martin@gmail.com,MIT,Texas,IoT,Day 2,Dropped,68,intense innovative exciting difficult innovative educational innovative challenging fun intense,participant_5.jpg,2025-04-05
6,Sarah Harris,david_smith@gmail.com,Berkeley,Illinois,IoT,Day 1,Completed,52,innovative exciting innovative innovative average fun educational intense difficult average,participant_6.jpg,2025-04-06
7,Sarah Johnson,katie_jackson@gmail.com,Berkeley,New York,FinTech,Day 2,Ongoing,73,rewarding rewarding exciting great rewarding innovative difficult average rewarding exciting,participant_7.jpg,2025-04-07
8,Alex White,jane_brown@gmail.com,Berkeley,Florida,FinTech,Day 3,Ongoing,87,rewarding rewarding difficult difficult fun innovative great great average exciting,participant_8.jpg,2025-04-08
9,John Johnson,chris_thomas@outlook.com,Berkeley,Florida,Blockchain,Day 2,Ongoing,77,fun rewarding educational innovative innovative challenging rewarding innovative fun intense,participant_9.jpg,2025-04-09
10,Sarah Martin,sarah_smith@outlook.com,Harvard,Illinois,FinTech,Day 1,Dropped,58,challenging challenging exciting difficult exciting difficult educational educational average fun,participant_10.jpg,2025-04-10
11,Katie White,john_martin@yahoo.com,Harvard,Florida,IoT,Day 1,Dropped,79,exciting fun innovative fun average exciting challenging great educational innovative,participant_11.jpg,2025-04-11
12,John Taylor,alex_thomas@outlook.com,Harvard,Illinois,IoT,Day 3,Ongoing,88,rewarding fun average innovative intense difficult great great average fun,participant_12.jpg,2025-04-12
13,Emily Smith,emily_harris@outlook.com,MIT,Florida,Cybersecurity,Day 1,Dropped,75,difficult educational innovative great educational challenging innovative great rewarding intense,participant_13.jpg,2025-04-13
14,Alex Martin,chris_taylor@yahoo.com,Berkeley,Texas,AI & ML,Day 1,Dropped,74,average exciting intense exciting great difficult difficult average difficult difficult,participant_14.jpg,2025-04-14
15,David Smith,michael_martin@gmail.com,Harvard,Texas,IoT,Day 1,Completed,100,exciting fun exciting rewarding difficult innovative difficult exciting fun exciting,participant_15.jpg,2025-04-15
16,Chris Jackson,david_johnson@gmail.com,Berkeley,Florida,Blockchain,Day 1,Completed,63,challenging average innovative educational great intense educational great rewarding educational,participant_16.jpg,2025-04-16
17,Emily Martin,chris_thomas@gmail.com,CMU,Texas,Cybersecurity,Day 2,Completed,88,rewarding fun intense difficult rewarding innovative rewarding great great intense,participant_17.jpg,2025-04-17
18,David Anderson,chris_white@gmail.com,Stanford,Illinois,FinTech,Day 2,Ongoing,71,rewarding innovative great challenging exciting exciting challenging average exciting fun,participant_18.jpg,2025-04-18
19,Laura Brown,david_johnson@gmail.com,MIT,California,Blockchain,Day 2,Completed,56,exciting educational innovative challenging educational challenging difficult educational educational exciting,participant_19.jpg,2025-04-19
20,John Taylor,chris_harris@outlook.com,Harvard,Texas,AI & ML,Day 1,Completed,54,innovative challenging fun great fun average rewarding exciting fun average,participant_20.jpg,2025-04-20
21,Jane Jackson,chris_anderson@outlook.com,Stanford,California,Blockchain,Day 2,Dropped,94,challenging innovative average exciting intense rewarding educational innovative educational innovative,participant_21.jpg,2025-04-21
22,David White,john_martin@outlook.com,Harvard,Illinois,Cybersecurity,Day 2,Dropped,71,exciting fun great exciting great rewarding fun challenging average educational,participant_22.jpg,2025-04-22
23,Sarah Brown,jane_white@yahoo.com,MIT,New York,AI & ML,Day 3,Ongoing,58,challenging great great difficult fun educational great fun challenging great,participant_23.jpg,2025-04-23
24,Alex Anderson,laura_jackson@gmail.com,Berkeley,Texas,AI & ML,Day 1,Dropped,93,difficult difficult exciting challenging great educational educational great average rewarding,participant_24.jpg,2025-04-24
25,Sarah White,jane_brown@gmail.com,Berkeley,Florida,Blockchain,Day 1,Completed,93,exciting challenging educational difficult average great great difficult intense challenging,participant_25.jpg,2025-04-25
26,John Harris,jane_harris@gmail.com,Berkeley,Florida,FinTech,Day 2,Dropped,95,exciting innovative great challenging challenging educational educational exciting challenging innovative,participant_26.jpg,2025-04-26
27,Michael Anderson,michael_taylor@gmail.com,CMU,New York,IoT,Day 1,Dropped,68,fun fun fun innovative intense rewarding innovative fun average fun,participant_27.jpg,2025-04-27
28,Alex Jackson,chris_anderson@outlook.com,Stanford,New York,AI & ML,Day 1,Completed,53,innovative average fun challenging innovative exciting difficult rewarding rewarding rewarding,participant_28.jpg,2025-04-28
29,Alex Brown,emily_white@outlook.com,Stanford,Illinois,Cybersecurity,Day 1,Ongoing,51,innovative difficult challenging exciting average great educational educational educational exciting,participant_29.jpg,2025-04-29
30,David Smith,katie_brown@gmail.com,Harvard,New York,Cybersecurity,Day 3,Ongoing,81,average great intense exciting average fun difficult great educational innovative,participant_30.jpg,2025-04-30
31,Katie Anderson,john_white@gmail.com,Berkeley,New York,IoT,Day 1,Completed,50,difficult educational fun average intense exciting challenging exciting innovative challenging,participant_31.jpg,2025-05-01
32,Alex Martin,john_harris@outlook.com,Harvard,Illinois,Cybersecurity,Day 1,Completed,59,difficult intense innovative intense educational fun average rewarding educational exciting,participant_32.jpg,2025-05-02
33,David Jackson,michael_harris@outlook.com,CMU,California,FinTech,Day 2,Ongoing,72,intense great innovative great average rewarding challenging great intense exciting,participant_33.jpg,2025-05-03
34,Sarah Anderson,emily_smith@gmail.com,Berkeley,California,FinTech,Day 2,Completed,63,challenging great exciting exciting average fun challenging intense educational challenging,participant_34.jpg,2025-05-04
35,John Thomas,katie_thomas@outlook.com,MIT,California,Blockchain,Day 3,Completed,67,fun educational intense difficult great rewarding fun average educational great,participant_35.jpg,2025-05-05
36,Katie White,michael_white@gmail.com,Berkeley,Texas,Blockchain,Day 3,Ongoing,62,educational average average innovative educational exciting difficult challenging great exciting,participant_36.jpg,2025-05-06
37,John Jackson,david_harris@outlook.com,Berkeley,Florida,Cybersecurity,Day 3,Dropped,70,intense rewarding intense difficult difficult great fun innovative rewarding rewarding,participant_37.jpg,2025-05-07
38,John Smith,laura_thomas@gmail.com,CMU,New York,AI & ML,Day 1,Completed,83,educational innovative great innovative intense challenging educational rewarding intense challenging,participant_38.jpg,2025-05-08
39,Emily Anderson,laura_brown@yahoo.com,MIT,California,FinTech,Day 2,Completed,57,challenging educational exciting great intense rewarding average educational difficult difficult,participant_39.jpg,2025-05-09
40,Katie Martin,laura_jackson@yahoo.com,Harvard,California,Cybersecurity,Day 2,Dropped,95,fun exciting exciting educational intense great intense rewarding difficult innovative,participant_40.jpg,2025-05-10
41,Chris Smith,john_anderson@yahoo.com,MIT,Illinois,FinTech,Day 3,Ongoing,75,great innovative average innovative average rewarding great average challenging average,participant_41.jpg,2025-05-11
42,Laura Harris,emily_jackson@yahoo.com,Harvard,Florida,Blockchain,Day 3,Ongoing,78,difficult educational average challenging fun challenging intense intense challenging difficult,participant_42.jpg,2025-05-12
43,Laura Smith,michael_harris@gmail.com,Stanford,Illinois,IoT,Day 1,Ongoing,57,innovative educational exciting difficult great educational innovative innovative educational fun,participant_43.jpg,2025-05-13
44,David Thomas,laura_anderson@outlook.com,Berkeley,Illinois,IoT,Day 1,Dropped,71,fun innovative rewarding educational educational intense difficult intense educational exciting,participant_44.jpg,2025-05-14
45,Jane Martin,katie_taylor@gmail.com,Stanford,California,FinTech,Day 3,Completed,82,difficult great fun intense difficult great innovative great great fun,participant_45.jpg,2025-05-15
46,Emily Harris,laura_taylor@outlook.com,MIT,Texas,Blockchain,Day 3,Completed,56,great average average exciting rewarding intense difficult difficult intense great,participant_46.jpg,2025-05-16
47,Laura Anderson,katie_taylor@outlook.com,Berkeley,Florida,AI & ML,Day 1,Completed,59,intense fun great great great educational innovative exciting great rewarding,participant_47.jpg,2025-05-17
48,Alex White,michael_johnson@outlook.com,Stanford,Illinois,FinTech,Day 3,Ongoing,83,educational fun great innovative average fun fun educational average educational,participant_48.jpg,2025-05-18
49,Sarah Jackson,john_harris@gmail.com,Harvard,Texas,IoT,Day 1,Ongoing,56,great educational innovative rewarding difficult difficult intense fun difficult innovative,participant_49.jpg,2025-05-19
50,Alex Smith,john_martin@outlook.com,Harvard,California,Cybersecurity,Day 2,Ongoing,59,rewarding rewarding exciting educational fun difficult average intense educational great,participant_50.jpg,2025-05-20
51,John Taylor,sarah_brown@yahoo.com,Berkeley,Florida,IoT,Day 1,Completed,94,innovative challenging educational educational great educational fun fun great challenging,participant_51.jpg,2025-05-21
52,Laura Martin,alex_anderson@outlook.com,Stanford,Illinois,Blockchain,Day 3,Ongoing,78,fun fun average rewarding average average rewarding educational difficult exciting,participant_52.jpg,2025-05-22
53,David Johnson,alex_johnson@outlook.com,Harvard,Illinois,IoT,Day 3,Dropped,61,challenging difficult intense educational educational average fun intense intense challenging,participant_53.jpg,2025-05-23
54,David Smith,alex_jackson@outlook.com,Harvard,California,FinTech,Day 1,Completed,91,challenging difficult innovative challenging great innovative exciting average intense fun,participant_54.jpg,2025-05-24
55,Jane Taylor,katie_anderson@gmail.com,MIT,California,FinTech,Day 1,Dropped,52,difficult challenging challenging rewarding innovative educational rewarding fun average educational,participant_55.jpg,2025-05-25
56,John Anderson,katie_jackson@outlook.com,CMU,Illinois,FinTech,Day 2,Ongoing,73,average challenging innovative innovative average rewarding rewarding intense innovative exciting,participant_56.jpg,2025-05-26
57,Katie Anderson,michael_martin@outlook.com,Harvard,California,FinTech,Day 2,Ongoing,89,average average great fun challenging innovative challenging intense educational fun,participant_57.jpg,2025-05-27
58,Emily Martin,chris_jackson@gmail.com,MIT,Illinois,FinTech,Day 1,Dropped,74,innovative challenging rewarding fun exciting challenging exciting innovative average great,participant_58.jpg,2025-05-28
59,Laura White,sarah_taylor@yahoo.com,Berkeley,California,Cybersecurity,Day 3,Dropped,74,great great challenging average great exciting exciting rewarding educational difficult,participant_59.jpg,2025-05-29
60,Laura Taylor,katie_jackson@yahoo.com,Berkeley,California,Blockchain,Day 3,Ongoing,70,fun challenging difficult great exciting great difficult rewarding challenging innovative,participant_60.jpg,2025-05-30
61,Laura Harris,katie_martin@yahoo.com,Harvard,California,IoT,Day 2,Completed,73,exciting innovative innovative great innovative innovative exciting challenging difficult difficult,participant_61.jpg,2025-05-31
62,Emily Taylor,michael_jackson@yahoo.com,Stanford,California,FinTech,Day 2,Completed,91,innovative great average exciting fun challenging fun difficult educational rewarding,participant_62.jpg,2025-06-01
63,Michael Jackson,katie_martin@yahoo.com,Stanford,Illinois,IoT,Day 2,Dropped,62,fun fun difficult challenging average exciting challenging fun intense great,participant_63.jpg,2025-06-02
64,Jane White,katie_white@gmail.com,CMU,New York,IoT,Day 3,Ongoing,100,educational educational exciting intense difficult great intense exciting challenging average,participant_64.jpg,2025-06-03
65,Michael Taylor,chris_white@outlook.com,Berkeley,California,Blockchain,Day 2,Dropped,97,great innovative exciting great difficult great innovative difficult fun difficult,participant_65.jpg,2025-06-04
66,Jane White,laura_taylor@outlook.com,MIT,Texas,IoT,Day 1,Completed,89,intense challenging challenging educational intense average exciting intense exciting exciting,participant_66.jpg,2025-06-05
67,Chris Brown,alex_martin@gmail.com,Harvard,Texas,IoT,Day 2,Ongoing,70,educational difficult rewarding rewarding educational intense average fun exciting fun,participant_67.jpg,2025-06-06
68,Alex Smith,alex_taylor@outlook.com,MIT,Florida,Cybersecurity,Day 2,Completed,51,intense average average average fun fun educational exciting educational challenging,participant_68.jpg,2025-06-07
69,Katie Harris,david_johnson@yahoo.com,Berkeley,Florida,Blockchain,Day 2,Completed,82,challenging educational rewarding difficult rewarding challenging difficult rewarding innovative intense,participant_69.jpg,2025-06-08
70,David Thomas,laura_harris@yahoo.com,Harvard,Texas,AI & ML,Day 3,Ongoing,65,average fun average great rewarding rewarding challenging fun challenging educational,participant_70.jpg,2025-06-09
71,Alex Smith,david_taylor@outlook.com,Stanford,New York,Cybersecurity,Day 3,Completed,90,difficult average great educational innovative average rewarding difficult intense average,participant_71.jpg,2025-06-10
72,David Anderson,david_johnson@yahoo.com,Stanford,Illinois,Blockchain,Day 3,Dropped,93,educational challenging exciting innovative average innovative difficult innovative fun innovative,participant_72.jpg,2025-06-11
73,Jane Smith,alex_brown@outlook.com,Stanford,New York,Cybersecurity,Day 2,Completed,92,fun average great educational exciting intense educational intense challenging innovative,participant_73.jpg,2025-06-12
74,Katie Brown,john_thomas@outlook.com,Berkeley,Illinois,Blockchain,Day 1,Ongoing,87,intense fun rewarding fun rewarding exciting intense intense fun average,participant_74.jpg,2025-06-13
75,Sarah Martin,chris_johnson@yahoo.com,Berkeley,Texas,FinTech,Day 1,Ongoing,52,great difficult rewarding educational rewarding intense challenging great rewarding average,participant_75.jpg,2025-06-14
76,Katie White,david_brown@outlook.com,MIT,California,Blockchain,Day 1,Dropped,80,intense innovative difficult exciting educational difficult average average average exciting,participant_76.jpg,2025-06-15
77,John Taylor,alex_harris@outlook.com,MIT,Florida,AI & ML,Day 1,Ongoing,63,rewarding educational intense difficult educational educational exciting average rewarding challenging,participant_77.jpg,2025-06-16
78,David Jackson,alex_smith@outlook.com,Berkeley,Texas,FinTech,Day 1,Completed,67,rewarding challenging innovative difficult great exciting great great challenging great,participant_78.jpg,2025-06-17
79,Emily Martin,alex_jackson@outlook.com,MIT,California,FinTech,Day 1,Ongoing,75,fun fun exciting innovative difficult great difficult educational difficult innovative,participant_79.jpg,2025-06-18
80,Laura Anderson,emily_jackson@outlook.com,CMU,California,AI & ML,Day 1,Completed,88,great challenging challenging average challenging average intense challenging educational challenging,participant_80.jpg,2025-06-19
81,Alex Harris,david_thomas@yahoo.com,Harvard,Florida,Blockchain,Day 2,Completed,56,average rewarding fun rewarding innovative average intense intense challenging fun,participant_81.jpg,2025-06-20
82,Chris Anderson,alex_johnson@outlook.com,Stanford,New York,Cybersecurity,Day 2,Completed,98,challenging average intense great fun intense difficult fun great exciting,participant_82.jpg,2025-06-21
83,Michael White,alex_thomas@outlook.com,Berkeley,Florida,FinTech,Day 2,Ongoing,96,great great exciting difficult intense great great great educational challenging,participant_83.jpg,2025-06-22
84,Laura Thomas,alex_white@outlook.com,CMU,Florida,FinTech,Day 3,Completed,60,challenging great challenging average intense intense innovative fun rewarding educational,participant_84.jpg,2025-06-23
85,Michael Thomas,david_thomas@gmail.com,Berkeley,Illinois,AI & ML,Day 2,Ongoing,94,great average intense average great fun challenging educational average intense,participant_85.jpg,2025-06-24
86,Alex Anderson,laura_harris@yahoo.com,CMU,Illinois,AI & ML,Day 3,Ongoing,80,average exciting great challenging innovative rewarding exciting intense challenging average,participant_86.jpg,2025-06-25
87,Sarah Taylor,david_taylor@yahoo.com,Stanford,Illinois,Cybersecurity,Day 2,Ongoing,56,fun educational rewarding difficult fun exciting intense innovative exciting challenging,participant_87.jpg,2025-06-26
88,Michael Smith,chris_martin@yahoo.com,CMU,Texas,Cybersecurity,Day 2,Completed,91,innovative great difficult rewarding exciting great challenging fun intense educational,participant_88.jpg,2025-06-27
89,Alex Jackson,michael_brown@gmail.com,Berkeley,Illinois,FinTech,Day 2,Ongoing,91,difficult difficult difficult challenging average innovative challenging intense innovative great,participant_89.jpg,2025-06-28
90,David Taylor,jane_brown@yahoo.com,Stanford,Texas,FinTech,Day 2,Completed,82,great challenging intense intense challenging innovative great innovative difficult intense,participant_90.jpg,2025-06-29
91,David Jackson,alex_brown@gmail.com,MIT,California,IoT,Day 2,Ongoing,74,difficult challenging innovative educational exciting exciting innovative innovative fun great,participant_91.jpg,2025-06-30
92,Laura Anderson,laura_taylor@outlook.com,CMU,New York,FinTech,Day 2,Completed,81,exciting exciting exciting educational innovative exciting average intense average average,participant_92.jpg,2025-07-01
93,John Johnson,alex_harris@yahoo.com,MIT,New York,IoT,Day 1,Completed,78,challenging rewarding innovative challenging challenging intense great challenging educational rewarding,participant_93.jpg,2025-07-02
94,John Martin,emily_jackson@yahoo.com,Harvard,New York,Blockchain,Day 2,Completed,87,fun innovative challenging intense average exciting rewarding fun intense rewarding,participant_94.jpg,2025-07-03
95,Emily Taylor,david_white@outlook.com,CMU,California,IoT,Day 1,Completed,67,innovative rewarding average innovative intense exciting difficult difficult innovative rewarding,participant_95.jpg,2025-07-04
96,Michael Jackson,alex_brown@outlook.com,MIT,Illinois,Blockchain,Day 3,Completed,70,rewarding great fun challenging great challenging difficult difficult educational great,participant_96.jpg,2025-07-05
97,John Martin,sarah_jackson@outlook.com,MIT,California,Blockchain,Day 1,Dropped,83,challenging difficult great challenging innovative difficult difficult challenging challenging intense,participant_97.jpg,2025-07-06
98,Michael Johnson,chris_harris@outlook.com,CMU,California,AI & ML,Day 1,Completed,85,fun difficult average great educational innovative challenging educational intense difficult,participant_98.jpg,2025-07-07
99,Sarah Martin,jane_johnson@gmail.com,Harvard,California,IoT,Day 2,Completed,90,difficult fun average intense educational great great average great exciting,participant_99.jpg,2025-07-08
100,Sarah Harris,sarah_anderson@outlook.com,MIT,California,AI & ML,Day 1,Ongoing,57,average fun difficult great rewarding exciting rewarding innovative average educational,participant_100.jpg,2025-07-09
101,Emily Johnson,katie_harris@outlook.com,Stanford,Illinois,Cybersecurity,Day 2,Completed,91,average innovative challenging innovative fun innovative intense great average educational,participant_101.jpg,2025-07-10
102,Laura Jackson,alex_jackson@yahoo.com,Harvard,Texas,Blockchain,Day 2,Dropped,97,great educational difficult educational difficult difficult innovative exciting innovative exciting,participant_102.jpg,2025-07-11
103,Sarah Harris,katie_jackson@gmail.com,CMU,Florida,FinTech,Day 2,Dropped,89,intense innovative great intense great fun rewarding intense rewarding exciting,participant_103.jpg,2025-07-12
104,John Martin,emily_smith@outlook.com,CMU,Illinois,FinTech,Day 3,Completed,96,difficult educational intense exciting exciting rewarding exciting challenging educational intense,participant_104.jpg,2025-07-13
105,David Thomas,sarah_white@yahoo.com,Berkeley,Texas,AI & ML,Day 1,Dropped,82,innovative exciting fun average rewarding average difficult innovative average difficult,participant_105.jpg,2025-07-14
106,John Martin,john_harris@yahoo.com,CMU,Illinois,AI & ML,Day 3,Completed,61,great average great innovative innovative exciting average intense exciting intense,participant_106.jpg,2025-07-15
107,Sarah Taylor,katie_smith@yahoo.com,CMU,New York,IoT,Day 1,Completed,88,innovative innovative educational fun rewarding rewarding challenging average exciting rewarding,participant_107.jpg,2025-07-16
108,Emily Jackson,sarah_white@gmail.com,Berkeley,California,Blockchain,Day 1,Dropped,94,average intense intense exciting educational great challenging great fun intense,participant_108.jpg,2025-07-17
109,Michael Smith,katie_brown@outlook.com,Stanford,Texas,AI & ML,Day 3,Completed,63,intense average exciting innovative innovative difficult great average intense exciting,participant_109.jpg,2025-07-18
110,Katie Harris,chris_johnson@gmail.com,Berkeley,Florida,Cybersecurity,Day 1,Dropped,99,great fun average intense educational great difficult difficult rewarding difficult,participant_110.jpg,2025-07-19
111,Chris Smith,jane_white@gmail.com,Stanford,Texas,FinTech,Day 1,Ongoing,94,difficult exciting exciting challenging exciting intense rewarding difficult great challenging,participant_111.jpg,2025-07-20
112,Michael Taylor,emily_thomas@gmail.com,Berkeley,Florida,AI & ML,Day 1,Dropped,76,rewarding fun difficult fun innovative difficult innovative rewarding great educational,participant_112.jpg,2025-07-21
113,Alex Martin,john_brown@yahoo.com,Harvard,California,FinTech,Day 2,Ongoing,51,great rewarding difficult average challenging intense difficult average intense rewarding,participant_113.jpg,2025-07-22
114,Katie White,sarah_brown@gmail.com,Harvard,New York,FinTech,Day 3,Completed,65,exciting fun great great educational rewarding average rewarding educational challenging,participant_114.jpg,2025-07-23
115,David Taylor,katie_white@yahoo.com,MIT,Illinois,IoT,Day 3,Ongoing,57,difficult rewarding rewarding challenging great intense fun challenging great educational,participant_115.jpg,2025-07-24
116,Jane Johnson,chris_thomas@outlook.com,MIT,Illinois,AI & ML,Day 2,Dropped,64,innovative average fun intense educational intense educational challenging fun innovative,participant_116.jpg,2025-07-25
117,Michael Jackson,emily_jackson@gmail.com,CMU,Florida,Cybersecurity,Day 3,Ongoing,85,great difficult intense challenging difficult innovative challenging exciting innovative exciting,participant_117.jpg,2025-07-26
118,Emily White,john_thomas@yahoo.com,Harvard,Illinois,FinTech,Day 2,Ongoing,55,intense great challenging innovative innovative challenging average educational difficult challenging,participant_118.jpg,2025-07-27
119,Sarah Thomas,emily_white@yahoo.com,Stanford,New York,IoT,Day 2,Dropped,75,fun average innovative average intense great innovative exciting educational average,participant_119.jpg,2025-07-28
120,John Smith,laura_johnson@outlook.com,Harvard,California,Cybersecurity,Day 1,Dropped,74,average difficult difficult intense challenging rewarding fun rewarding challenging great,participant_120.jpg,2025-07-29
121,Emily Jackson,david_white@yahoo.com,Harvard,California,IoT,Day 1,Completed,57,educational intense exciting average intense innovative exciting challenging intense difficult,participant_121.jpg,2025-07-30
122,Alex Jackson,alex_jackson@yahoo.com,MIT,California,FinTech,Day 2,Ongoing,61,difficult rewarding difficult great challenging innovative difficult educational intense great,participant_122.jpg,2025-07-31
123,Sarah Harris,laura_johnson@gmail.com,Harvard,New York,IoT,Day 2,Ongoing,86,innovative educational average fun innovative innovative challenging rewarding exciting innovative,participant_123.jpg,2025-08-01
124,Chris White,chris_taylor@outlook.com,Stanford,Florida,FinTech,Day 3,Completed,93,innovative innovative challenging challenging educational difficult educational fun educational exciting,participant_124.jpg,2025-08-02
125,Sarah Taylor,michael_anderson@outlook.com,Berkeley,Texas,Cybersecurity,Day 2,Dropped,53,average innovative educational average great exciting difficult challenging fun rewarding,participant_125.jpg,2025-08-03
126,Chris Martin,chris_harris@gmail.com,CMU,New York,AI & ML,Day 1,Completed,51,challenging great rewarding average challenging educational intense fun challenging exciting,participant_126.jpg,2025-08-04
127,Sarah Harris,alex_thomas@yahoo.com,MIT,Texas,AI & ML,Day 1,Ongoing,86,average fun fun intense fun average difficult rewarding exciting educational,participant_127.jpg,2025-08-05
128,Katie Taylor,alex_thomas@gmail.com,Harvard,Florida,AI & ML,Day 1,Dropped,62,educational rewarding great exciting fun difficult fun difficult difficult rewarding,participant_128.jpg,2025-08-06
129,Katie Thomas,sarah_white@outlook.com,CMU,Texas,IoT,Day 2,Ongoing,72,great intense fun rewarding intense challenging fun fun intense great,participant_129.jpg,2025-08-07
130,Emily Taylor,laura_martin@yahoo.com,CMU,Florida,Blockchain,Day 2,Ongoing,55,challenging innovative difficult educational difficult great innovative exciting fun difficult,participant_130.jpg,2025-08-08
131,John Harris,john_johnson@outlook.com,CMU,New York,Cybersecurity,Day 3,Ongoing,62,average intense innovative educational average fun innovative innovative innovative average,participant_131.jpg,2025-08-09
132,Chris Smith,jane_taylor@gmail.com,Harvard,Florida,AI & ML,Day 1,Completed,85,exciting difficult exciting intense exciting difficult average great exciting challenging,participant_132.jpg,2025-08-10
133,Alex Smith,laura_johnson@gmail.com,Stanford,California,IoT,Day 3,Dropped,99,intense rewarding exciting great educational average fun great educational exciting,participant_133.jpg,2025-08-11
134,David Jackson,sarah_martin@gmail.com,CMU,Texas,FinTech,Day 2,Completed,85,challenging difficult rewarding average intense innovative great challenging fun rewarding,participant_134.jpg,2025-08-12
135,Alex Jackson,john_taylor@yahoo.com,CMU,Texas,IoT,Day 1,Ongoing,73,fun innovative rewarding innovative fun educational innovative fun fun average,participant_135.jpg,2025-08-13
136,Alex Martin,alex_white@outlook.com,Berkeley,Florida,AI & ML,Day 3,Dropped,55,difficult difficult great average educational fun educational exciting fun rewarding,participant_136.jpg,2025-08-14
137,Michael Thomas,david_anderson@gmail.com,Harvard,Florida,Blockchain,Day 1,Dropped,68,innovative great average educational rewarding educational exciting rewarding innovative fun,participant_137.jpg,2025-08-15
138,Laura Taylor,john_martin@outlook.com,CMU,Florida,FinTech,Day 3,Dropped,83,great difficult difficult educational intense intense fun challenging great exciting,participant_138.jpg,2025-08-16
139,Laura Johnson,laura_smith@yahoo.com,Berkeley,California,FinTech,Day 3,Completed,61,rewarding exciting intense fun rewarding difficult fun exciting exciting challenging,participant_139.jpg,2025-08-17
140,Alex Anderson,laura_thomas@gmail.com,CMU,Texas,Blockchain,Day 1,Completed,82,innovative great intense challenging great challenging difficult innovative rewarding intense,participant_140.jpg,2025-08-18
141,Emily Johnson,chris_jackson@outlook.com,Harvard,New York,AI & ML,Day 3,Dropped,84,intense average innovative challenging average difficult fun great average challenging,participant_141.jpg,2025-08-19
142,Michael Harris,john_brown@outlook.com,Harvard,Texas,FinTech,Day 2,Ongoing,85,challenging fun educational innovative rewarding educational rewarding fun fun intense,participant_142.jpg,2025-08-20
143,Michael Thomas,alex_martin@gmail.com,CMU,Illinois,Cybersecurity,Day 3,Ongoing,56,average average difficult challenging rewarding exciting fun intense rewarding challenging,participant_143.jpg,2025-08-21
144,Michael Taylor,jane_taylor@gmail.com,MIT,Illinois,AI & ML,Day 1,Completed,64,fun educational rewarding challenging average average average challenging educational intense,participant_144.jpg,2025-08-22
145,Katie Harris,laura_taylor@outlook.com,Harvard,California,FinTech,Day 2,Dropped,68,exciting difficult challenging average intense average intense challenging intense challenging,participant_145.jpg,2025-08-23
146,Laura Harris,david_brown@outlook.com,MIT,New York,FinTech,Day 3,Dropped,73,intense exciting innovative innovative great innovative average exciting fun average,participant_146.jpg,2025-08-24
147,Sarah Taylor,michael_johnson@yahoo.com,Harvard,California,AI & ML,Day 1,Completed,76,rewarding fun innovative intense challenging intense rewarding innovative fun challenging,participant_147.jpg,2025-08-25
148,David Johnson,sarah_taylor@outlook.com,MIT,New York,AI & ML,Day 2,Dropped,70,exciting great exciting exciting average difficult difficult great exciting exciting,participant_148.jpg,2025-08-26
149,David Taylor,laura_anderson@gmail.com,CMU,Florida,Cybersecurity,Day 1,Ongoing,61,difficult fun educational challenging intense innovative challenging fun educational intense,participant_149.jpg,2025-08-27
150,Laura Harris,sarah_brown@gmail.com,CMU,Florida,FinTech,Day 1,Completed,75,rewarding rewarding average intense educational challenging fun great great educational,participant_150.jpg,2025-08-28
151,David Thomas,laura_taylor@yahoo.com,CMU,Illinois,Cybersecurity,Day 1,Ongoing,62,great exciting great difficult exciting average intense average educational exciting,participant_151.jpg,2025-08-29
152,Katie Martin,chris_thomas@gmail.com,Harvard,Texas,Cybersecurity,Day 2,Ongoing,74,educational difficult educational difficult innovative educational challenging average innovative rewarding,participant_152.jpg,2025-08-30
153,David White,michael_thomas@yahoo.com,Stanford,New York,IoT,Day 1,Ongoing,75,intense intense rewarding difficult innovative intense rewarding difficult fun average,participant_153.jpg,2025-08-31
154,Chris Johnson,sarah_thomas@gmail.com,MIT,Illinois,AI & ML,Day 1,Dropped,86,intense exciting average average average innovative intense great fun difficult,participant_154.jpg,2025-09-01
155,Katie Thomas,emily_white@gmail.com,Stanford,New York,Blockchain,Day 3,Dropped,78,fun average fun educational rewarding innovative rewarding difficult educational rewarding,participant_155.jpg,2025-09-02
156,David Smith,john_johnson@yahoo.com,Berkeley,Florida,Blockchain,Day 2,Dropped,71,rewarding average innovative intense innovative average difficult difficult challenging innovative,participant_156.jpg,2025-09-03
157,Michael White,katie_anderson@gmail.com,Stanford,Florida,AI & ML,Day 3,Ongoing,100,challenging average rewarding educational difficult educational rewarding intense average intense,participant_157.jpg,2025-09-04
158,Jane Anderson,katie_harris@yahoo.com,MIT,Texas,IoT,Day 2,Completed,59,difficult difficult intense educational great difficult intense intense exciting exciting,participant_158.jpg,2025-09-05
159,Alex Harris,sarah_thomas@outlook.com,MIT,California,AI & ML,Day 1,Ongoing,55,innovative rewarding innovative average fun fun innovative innovative great challenging,participant_159.jpg,2025-09-06
160,Sarah Harris,jane_taylor@yahoo.com,MIT,California,FinTech,Day 2,Completed,66,innovative average intense rewarding rewarding great challenging fun difficult exciting,participant_160.jpg,2025-09-07
161,David Johnson,john_harris@outlook.com,CMU,Texas,FinTech,Day 2,Dropped,71,exciting innovative exciting educational rewarding intense challenging intense fun rewarding,participant_161.jpg,2025-09-08
162,Michael Jackson,emily_johnson@gmail.com,CMU,Illinois,AI & ML,Day 1,Completed,57,average innovative great fun innovative innovative challenging innovative fun difficult,participant_162.jpg,2025-09-09
163,John Jackson,laura_smith@outlook.com,CMU,California,FinTech,Day 3,Dropped,78,challenging rewarding rewarding difficult intense challenging innovative educational average great,participant_163.jpg,2025-09-10
164,Laura Jackson,katie_taylor@outlook.com,Harvard,Illinois,IoT,Day 3,Dropped,74,average intense innovative intense innovative intense intense innovative educational fun,participant_164.jpg,2025-09-11
165,Michael Brown,jane_johnson@yahoo.com,CMU,Florida,AI & ML,Day 1,Dropped,80,difficult difficult educational difficult exciting innovative innovative educational great rewarding,participant_165.jpg,2025-09-12
166,Laura Jackson,jane_white@outlook.com,Stanford,California,FinTech,Day 3,Dropped,88,innovative challenging educational educational difficult average fun challenging educational great,participant_166.jpg,2025-09-13
167,Michael Thomas,chris_martin@yahoo.com,CMU,New York,AI & ML,Day 2,Completed,57,rewarding intense fun innovative great exciting rewarding innovative great innovative,participant_167.jpg,2025-09-14
168,David Anderson,john_anderson@yahoo.com,Berkeley,California,FinTech,Day 2,Completed,52,exciting intense exciting difficult great educational average great rewarding fun,participant_168.jpg,2025-09-15
169,Laura Smith,sarah_martin@outlook.com,Harvard,Florida,Blockchain,Day 3,Completed,52,fun fun exciting great intense rewarding fun exciting intense fun,participant_169.jpg,2025-09-16
170,Jane Taylor,alex_johnson@outlook.com,Harvard,Texas,Blockchain,Day 3,Completed,82,exciting innovative great fun educational intense intense innovative intense intense,participant_170.jpg,2025-09-17
171,Michael Anderson,john_white@yahoo.com,CMU,Florida,IoT,Day 2,Dropped,71,rewarding innovative difficult average great innovative intense intense exciting intense,participant_171.jpg,2025-09-18
172,Jane Smith,laura_martin@yahoo.com,Stanford,Florida,AI & ML,Day 3,Dropped,60,innovative innovative exciting educational difficult great rewarding difficult great intense,participant_172.jpg,2025-09-19
173,Sarah White,laura_thomas@outlook.com,MIT,Texas,IoT,Day 2,Ongoing,54,fun difficult innovative difficult great difficult innovative average challenging innovative,participant_173.jpg,2025-09-20
174,Katie Taylor,alex_harris@outlook.com,MIT,California,AI & ML,Day 2,Ongoing,82,intense educational average great innovative great difficult great innovative intense,participant_174.jpg,2025-09-21
175,Sarah Johnson,john_white@yahoo.com,Harvard,Texas,AI & ML,Day 3,Ongoing,65,intense educational educational fun fun fun innovative educational great rewarding,participant_175.jpg,2025-09-22
176,John Taylor,michael_anderson@outlook.com,Berkeley,Illinois,AI & ML,Day 2,Ongoing,91,average rewarding challenging great innovative difficult exciting difficult exciting innovative,participant_176.jpg,2025-09-23
177,Michael Thomas,chris_taylor@yahoo.com,Harvard,Illinois,Cybersecurity,Day 2,Dropped,67,difficult fun innovative great challenging exciting exciting innovative exciting educational,participant_177.jpg,2025-09-24
178,David Martin,alex_anderson@yahoo.com,CMU,Florida,Blockchain,Day 3,Dropped,66,average great challenging rewarding innovative rewarding rewarding intense fun innovative,participant_178.jpg,2025-09-25
179,Sarah Anderson,david_anderson@outlook.com,Stanford,Illinois,AI & ML,Day 1,Ongoing,83,difficult rewarding challenging difficult great rewarding difficult fun exciting fun,participant_179.jpg,2025-09-26
180,Katie Johnson,katie_thomas@outlook.com,MIT,New York,AI & ML,Day 3,Dropped,78,fun intense educational educational intense challenging innovative exciting challenging great,participant_180.jpg,2025-09-27
181,Chris Johnson,jane_thomas@gmail.com,MIT,Florida,Blockchain,Day 2,Dropped,89,fun difficult challenging fun intense innovative fun difficult innovative average,participant_181.jpg,2025-09-28
182,Michael Johnson,jane_taylor@yahoo.com,Berkeley,California,AI & ML,Day 1,Ongoing,76,exciting exciting innovative exciting educational intense average difficult great average,participant_182.jpg,2025-09-29
183,Chris Brown,laura_smith@gmail.com,Berkeley,Texas,Cybersecurity,Day 2,Dropped,52,rewarding rewarding exciting rewarding difficult educational exciting educational difficult great,participant_183.jpg,2025-09-30
184,Alex Johnson,jane_smith@yahoo.com,CMU,Florida,Cybersecurity,Day 2,Ongoing,96,rewarding innovative great innovative challenging difficult rewarding intense great rewarding,participant_184.jpg,2025-10-01
185,Emily Harris,chris_harris@outlook.com,Stanford,California,IoT,Day 3,Completed,53,difficult exciting difficult average fun educational difficult rewarding great challenging,participant_185.jpg,2025-10-02
186,Alex Martin,john_johnson@yahoo.com,Harvard,Texas,IoT,Day 1,Dropped,53,intense difficult great rewarding intense educational challenging educational great rewarding,participant_186.jpg,2025-10-03
187,David Johnson,sarah_taylor@yahoo.com,MIT,Illinois,Cybersecurity,Day 2,Completed,88,rewarding challenging difficult intense fun fun great exciting challenging rewarding,participant_187.jpg,2025-10-04
188,Emily Anderson,sarah_harris@yahoo.com,Harvard,Florida,IoT,Day 1,Completed,65,rewarding average difficult challenging rewarding difficult rewarding difficult educational difficult,participant_188.jpg,2025-10-05
189,Laura Smith,chris_johnson@gmail.com,Berkeley,California,AI & ML,Day 1,Dropped,74,educational exciting exciting average rewarding great average rewarding difficult intense,participant_189.jpg,2025-10-06
190,Emily Johnson,laura_jackson@outlook.com,Stanford,Texas,Blockchain,Day 2,Completed,90,fun educational exciting average difficult average rewarding fun great fun,participant_190.jpg,2025-10-07
191,John Taylor,laura_brown@gmail.com,MIT,Florida,FinTech,Day 1,Dropped,60,intense challenging challenging innovative educational fun challenging innovative educational exciting,participant_191.jpg,2025-10-08
192,Laura Taylor,sarah_white@yahoo.com,CMU,Florida,Cybersecurity,Day 1,Ongoing,75,rewarding educational educational average fun rewarding challenging great great great,participant_192.jpg,2025-10-09
193,Michael Martin,john_smith@outlook.com,Harvard,New York,Cybersecurity,Day 1,Ongoing,91,innovative innovative innovative fun rewarding intense innovative fun rewarding intense,participant_193.jpg,2025-10-10
194,David Anderson,david_smith@outlook.com,CMU,Illinois,FinTech,Day 2,Completed,68,challenging educational educational intense intense great rewarding fun challenging great,participant_194.jpg,2025-10-11
195,Jane Thomas,john_thomas@yahoo.com,CMU,Florida,AI & ML,Day 2,Ongoing,69,average rewarding great fun educational rewarding average difficult challenging intense,participant_195.jpg,2025-10-12
196,John Johnson,laura_martin@outlook.com,Stanford,Illinois,FinTech,Day 1,Dropped,96,great exciting challenging educational great difficult great intense educational exciting,participant_196.jpg,2025-10-13
197,Jane Taylor,katie_brown@outlook.com,Berkeley,Texas,FinTech,Day 3,Completed,92,intense intense great intense average educational challenging difficult exciting difficult,participant_197.jpg,2025-10-14
198,Laura Johnson,katie_taylor@outlook.com,CMU,New York,FinTech,Day 1,Completed,79,educational challenging average difficult great difficult difficult educational innovative exciting,participant_198.jpg,2025-10-15
199,Alex White,john_martin@yahoo.com,Stanford,New York,Blockchain,Day 2,Completed,71,great intense rewarding rewarding fun exciting innovative fun exciting challenging,participant_199.jpg,2025-10-16
200,Chris White,emily_brown@gmail.com,Berkeley,Illinois,Cybersecurity,Day 3,Completed,97,rewarding rewarding fun rewarding innovative rewarding educational great educational rewarding,participant_200.jpg,2025-10-17
201,Michael Harris,chris_jackson@outlook.com,CMU,Florida,AI & ML,Day 2,Completed,88,challenging difficult innovative difficult fun rewarding intense educational innovative fun,participant_201.jpg,2025-10-18
202,Sarah Jackson,alex_jackson@yahoo.com,Stanford,Illinois,AI & ML,Day 1,Ongoing,75,intense difficult educational exciting rewarding great great difficult intense rewarding,participant_202.jpg,2025-10-19
203,Jane Harris,sarah_harris@gmail.com,MIT,Florida,IoT,Day 1,Completed,57,educational educational challenging rewarding exciting innovative educational intense fun great,participant_203.jpg,2025-10-20
204,Alex Anderson,jane_martin@gmail.com,MIT,New York,Blockchain,Day 3,Dropped,99,intense rewarding rewarding difficult innovative exciting average fun rewarding challenging,participant_204.jpg,2025-10-21
205,Alex Thomas,alex_smith@gmail.com,CMU,New York,Blockchain,Day 3,Completed,89,innovative innovative average intense rewarding great intense exciting fun rewarding,participant_205.jpg,2025-10-22
206,Jane Smith,david_taylor@gmail.com,CMU,New York,Cybersecurity,Day 3,Dropped,84,innovative fun fun innovative intense fun exciting intense difficult innovative,participant_206.jpg,2025-10-23
207,Katie Smith,jane_johnson@outlook.com,CMU,Texas,FinTech,Day 1,Completed,62,fun great innovative difficult intense exciting fun difficult average educational,participant_207.jpg,2025-10-24
208,Alex Johnson,laura_anderson@outlook.com,Stanford,Texas,AI & ML,Day 3,Ongoing,51,challenging educational intense fun fun challenging great average innovative difficult,participant_208.jpg,2025-10-25
209,Katie Anderson,laura_johnson@outlook.com,CMU,California,IoT,Day 1,Completed,67,difficult exciting difficult average average rewarding difficult challenging great great,participant_209.jpg,2025-10-26
210,Alex Brown,sarah_martin@outlook.com,MIT,Illinois,FinTech,Day 1,Ongoing,53,great difficult intense difficult average difficult challenging exciting difficult exciting,participant_210.jpg,2025-10-27
211,Sarah Thomas,michael_smith@gmail.com,Stanford,Texas,Cybersecurity,Day 3,Dropped,61,exciting exciting intense challenging challenging educational fun rewarding educational great,participant_211.jpg,2025-10-28
212,Chris Jackson,sarah_brown@outlook.com,Stanford,New York,Blockchain,Day 3,Ongoing,63,average innovative fun intense intense intense rewarding challenging innovative educational,participant_212.jpg,2025-10-29
213,John Harris,david_johnson@outlook.com,Berkeley,New York,Cybersecurity,Day 3,Ongoing,63,rewarding exciting great educational innovative fun intense great educational intense,participant_213.jpg,2025-10-30
214,David Anderson,michael_anderson@outlook.com,MIT,Florida,AI & ML,Day 3,Dropped,53,innovative difficult rewarding exciting educational challenging difficult exciting challenging exciting,participant_214.jpg,2025-10-31
215,Laura Thomas,david_harris@yahoo.com,Berkeley,Texas,FinTech,Day 3,Dropped,66,difficult challenging intense innovative great fun fun educational difficult difficult,participant_215.jpg,2025-11-01
216,Alex Brown,chris_martin@yahoo.com,MIT,Illinois,Cybersecurity,Day 1,Dropped,51,intense rewarding average educational great intense rewarding fun average great,participant_216.jpg,2025-11-02
217,Emily Johnson,alex_anderson@yahoo.com,Stanford,Illinois,Cybersecurity,Day 2,Dropped,97,challenging rewarding intense exciting rewarding great average great rewarding educational,participant_217.jpg,2025-11-03
218,Emily Brown,jane_taylor@yahoo.com,CMU,Texas,IoT,Day 3,Dropped,67,educational fun rewarding exciting difficult intense average challenging fun difficult,participant_218.jpg,2025-11-04
219,David Anderson,emily_jackson@gmail.com,Harvard,California,FinTech,Day 1,Completed,68,rewarding difficult exciting innovative challenging exciting great intense great innovative,participant_219.jpg,2025-11-05
220,David Taylor,sarah_jackson@yahoo.com,MIT,New York,FinTech,Day 1,Ongoing,51,average difficult fun rewarding rewarding difficult average average challenging fun,participant_220.jpg,2025-11-06
221,Laura Anderson,laura_white@yahoo.com,Berkeley,New York,Blockchain,Day 3,Ongoing,60,educational rewarding great exciting difficult intense exciting rewarding rewarding great,participant_221.jpg,2025-11-07
222,Laura Smith,jane_harris@outlook.com,Stanford,Florida,FinTech,Day 1,Dropped,50,average rewarding difficult intense innovative intense exciting fun fun difficult,participant_222.jpg,2025-11-08
223,Chris Brown,emily_brown@yahoo.com,CMU,Texas,AI & ML,Day 2,Ongoing,68,great challenging difficult difficult rewarding challenging average great challenging intense,participant_223.jpg,2025-11-09
224,David Anderson,katie_martin@gmail.com,Harvard,Texas,Cybersecurity,Day 1,Completed,74,educational intense exciting challenging exciting rewarding challenging average fun average,participant_224.jpg,2025-11-10
225,Katie Taylor,chris_anderson@outlook.com,Stanford,California,IoT,Day 2,Ongoing,99,educational challenging educational educational great exciting intense rewarding exciting difficult,participant_225.jpg,2025-11-11
226,David Harris,laura_martin@gmail.com,Stanford,Florida,AI & ML,Day 1,Dropped,100,fun great rewarding educational fun challenging rewarding educational intense educational,participant_226.jpg,2025-11-12
227,Michael Thomas,emily_harris@gmail.com,Harvard,Florida,Blockchain,Day 3,Dropped,90,average challenging fun exciting challenging average challenging rewarding innovative intense,participant_227.jpg,2025-11-13
228,Sarah Johnson,laura_smith@yahoo.com,MIT,New York,Blockchain,Day 1,Dropped,81,innovative rewarding fun challenging challenging innovative difficult educational fun fun,participant_228.jpg,2025-11-14
229,David Anderson,katie_johnson@gmail.com,CMU,Illinois,Cybersecurity,Day 2,Completed,85,great challenging challenging difficult challenging challenging intense difficult intense educational,participant_229.jpg,2025-11-15
230,Alex Taylor,jane_jackson@outlook.com,CMU,Florida,IoT,Day 1,Completed,65,challenging intense average average educational innovative fun rewarding challenging educational,participant_230.jpg,2025-11-16
231,Katie Taylor,jane_white@outlook.com,Harvard,Florida,Cybersecurity,Day 1,Completed,54,educational innovative challenging average great exciting average intense great exciting,participant_231.jpg,2025-11-17
232,Emily Smith,chris_thomas@yahoo.com,CMU,Texas,Blockchain,Day 3,Completed,68,innovative difficult average innovative intense educational exciting fun intense great,participant_232.jpg,2025-11-18
233,John Anderson,david_jackson@outlook.com,MIT,Florida,FinTech,Day 1,Completed,97,rewarding challenging average innovative challenging innovative exciting innovative innovative intense,participant_233.jpg,2025-11-19
234,Katie Jackson,alex_brown@outlook.com,MIT,Illinois,Blockchain,Day 1,Completed,80,educational average innovative average intense intense exciting intense rewarding educational,participant_234.jpg,2025-11-20
235,Alex Johnson,john_taylor@gmail.com,MIT,California,FinTech,Day 2,Completed,79,rewarding challenging exciting innovative great educational fun challenging great educational,participant_235.jpg,2025-11-21
236,David Anderson,david_harris@outlook.com,Harvard,Florida,AI & ML,Day 3,Dropped,86,intense exciting difficult intense exciting great average educational exciting rewarding,participant_236.jpg,2025-11-22
237,Jane White,chris_brown@outlook.com,Stanford,Illinois,IoT,Day 3,Ongoing,81,average great fun difficult educational fun rewarding intense rewarding rewarding,participant_237.jpg,2025-11-23
238,Laura Brown,jane_anderson@outlook.com,Harvard,Texas,FinTech,Day 1,Completed,70,average challenging innovative innovative difficult average fun exciting difficult exciting,participant_238.jpg,2025-11-24
239,Michael Brown,david_jackson@gmail.com,CMU,Texas,Blockchain,Day 3,Completed,67,difficult intense difficult fun difficult difficult difficult challenging difficult difficult,participant_239.jpg,2025-11-25
240,John Smith,alex_jackson@gmail.com,Berkeley,New York,FinTech,Day 1,Dropped,81,difficult challenging great great intense intense educational innovative educational difficult,participant_240.jpg,2025-11-26
241,Chris Taylor,laura_brown@yahoo.com,MIT,Texas,FinTech,Day 1,Completed,94,great innovative rewarding average rewarding fun challenging average intense challenging,participant_241.jpg,2025-11-27
242,Chris Johnson,john_johnson@yahoo.com,CMU,Texas,IoT,Day 1,Completed,76,difficult difficult great great difficult exciting innovative difficult great great,participant_242.jpg,2025-11-28
243,Sarah Johnson,sarah_smith@outlook.com,Berkeley,Texas,FinTech,Day 2,Completed,90,exciting average rewarding difficult fun fun challenging intense difficult exciting,participant_243.jpg,2025-11-29
244,David Thomas,laura_taylor@yahoo.com,Berkeley,California,Cybersecurity,Day 3,Ongoing,50,average exciting exciting challenging fun average exciting innovative great innovative,participant_244.jpg,2025-11-30
245,Katie Anderson,katie_white@outlook.com,Harvard,California,Cybersecurity,Day 2,Completed,93,difficult exciting difficult educational challenging fun average average great fun,participant_245.jpg,2025-12-01
246,Sarah Thomas,david_brown@yahoo.com,Harvard,Illinois,Blockchain,Day 1,Dropped,78,challenging fun average average intense intense great educational great intense,participant_246.jpg,2025-12-02
247,Michael Thomas,sarah_taylor@yahoo.com,MIT,Florida,Blockchain,Day 1,Completed,75,innovative fun challenging educational intense innovative average difficult difficult educational,participant_247.jpg,2025-12-03
248,Laura Thomas,michael_taylor@yahoo.com,Berkeley,Illinois,Blockchain,Day 2,Completed,84,fun rewarding innovative great innovative exciting difficult exciting exciting great,participant_248.jpg,2025-12-04
249,Alex Johnson,laura_taylor@gmail.com,Berkeley,New York,AI & ML,Day 2,Dropped,62,challenging exciting intense fun challenging great fun exciting difficult average,participant_249.jpg,2025-12-05
250,John Harris,alex_anderson@outlook.com,Harvard,Florida,FinTech,Day 2,Dropped,81,exciting fun difficult difficult educational intense average fun difficult average,participant_250.jpg,2025-12-06
251,Jane Anderson,chris_anderson@gmail.com,Harvard,New York,IoT,Day 1,Completed,55,great intense difficult educational difficult exciting educational difficult innovative rewarding,participant_251.jpg,2025-12-07
252,Sarah Taylor,katie_white@gmail.com,MIT,New York,AI & ML,Day 2,Ongoing,100,educational exciting challenging difficult intense fun difficult great exciting difficult,participant_252.jpg,2025-12-08
253,Michael Harris,john_harris@gmail.com,Harvard,California,IoT,Day 1,Dropped,62,innovative innovative great difficult educational difficult rewarding average rewarding challenging,participant_253.jpg,2025-12-09
254,Michael Taylor,david_smith@outlook.com,Berkeley,California,FinTech,Day 3,Ongoing,64,fun great intense difficult fun innovative educational innovative great great,participant_254.jpg,2025-12-10
255,Michael Thomas,john_johnson@yahoo.com,Harvard,Texas,AI & ML,Day 2,Ongoing,54,fun difficult educational innovative educational average exciting difficult average challenging,participant_255.jpg,2025-12-11
256,Alex White,alex_brown@gmail.com,Berkeley,New York,FinTech,Day 2,Dropped,85,fun innovative innovative difficult intense average innovative average fun average,participant_256.jpg,2025-12-12
257,Michael Johnson,laura_jackson@gmail.com,MIT,California,IoT,Day 3,Ongoing,81,exciting fun challenging innovative rewarding difficult innovative average innovative educational,participant_257.jpg,2025-12-13
258,Jane Smith,laura_harris@gmail.com,CMU,Florida,Cybersecurity,Day 1,Ongoing,92,great intense fun great difficult educational great fun challenging innovative,participant_258.jpg,2025-12-14
259,Katie Taylor,jane_jackson@gmail.com,Stanford,New York,IoT,Day 3,Ongoing,79,challenging rewarding educational average challenging rewarding challenging average great intense,participant_259.jpg,2025-12-15
260,John Taylor,katie_martin@gmail.com,CMU,Texas,IoT,Day 3,Ongoing,51,innovative innovative challenging innovative average exciting exciting rewarding exciting innovative,participant_260.jpg,2025-12-16
261,Alex Thomas,chris_taylor@gmail.com,CMU,California,IoT,Day 1,Dropped,84,intense difficult average exciting exciting exciting rewarding great exciting innovative,participant_261.jpg,2025-12-17
262,Katie Harris,david_johnson@outlook.com,Harvard,Florida,Cybersecurity,Day 1,Ongoing,92,average rewarding fun difficult innovative intense exciting rewarding innovative educational,participant_262.jpg,2025-12-18
263,Michael Thomas,katie_white@yahoo.com,MIT,California,IoT,Day 3,Completed,70,exciting average educational innovative intense great intense exciting rewarding challenging,participant_263.jpg,2025-12-19
264,Sarah Johnson,john_anderson@gmail.com,Stanford,Florida,IoT,Day 1,Ongoing,66,innovative exciting fun intense difficult innovative fun innovative rewarding average,participant_264.jpg,2025-12-20
265,Emily Smith,alex_thomas@yahoo.com,CMU,California,Cybersecurity,Day 2,Ongoing,86,great intense fun great exciting average fun fun innovative difficult,participant_265.jpg,2025-12-21
266,Laura Brown,david_harris@outlook.com,Stanford,New York,AI & ML,Day 1,Dropped,97,rewarding intense rewarding average challenging average difficult educational educational exciting,participant_266.jpg,2025-12-22
267,Alex Jackson,chris_harris@gmail.com,Harvard,Florida,Blockchain,Day 2,Dropped,66,innovative exciting great innovative innovative fun great exciting difficult educational,participant_267.jpg,2025-12-23
268,Emily White,chris_brown@gmail.com,MIT,Florida,Cybersecurity,Day 1,Ongoing,75,fun average challenging rewarding average challenging average educational fun fun,participant_268.jpg,2025-12-24
269,John Thomas,chris_johnson@outlook.com,Harvard,Illinois,Cybersecurity,Day 2,Completed,100,educational educational exciting rewarding challenging exciting educational innovative intense difficult,participant_269.jpg,2025-12-25
270,Laura Taylor,alex_taylor@gmail.com,CMU,Florida,Blockchain,Day 1,Completed,85,fun average exciting difficult educational innovative innovative intense exciting great,participant_270.jpg,2025-12-26
271,Laura Johnson,sarah_thomas@gmail.com,MIT,New York,IoT,Day 2,Ongoing,98,innovative great average difficult great fun great rewarding challenging great,participant_271.jpg,2025-12-27
272,Alex Jackson,michael_anderson@outlook.com,Berkeley,Illinois,IoT,Day 1,Dropped,85,educational educational intense fun challenging rewarding intense difficult rewarding innovative,participant_272.jpg,2025-12-28
273,Chris Martin,john_harris@yahoo.com,Stanford,Texas,FinTech,Day 3,Ongoing,57,challenging educational rewarding exciting challenging rewarding innovative educational educational exciting,participant_273.jpg,2025-12-29
274,Emily Johnson,jane_smith@gmail.com,Harvard,Florida,AI & ML,Day 2,Completed,64,average fun challenging average average great fun challenging fun fun,participant_274.jpg,2025-12-30
275,Alex Johnson,sarah_martin@yahoo.com,MIT,Illinois,FinTech,Day 2,Ongoing,77,exciting average exciting rewarding fun rewarding challenging fun rewarding great,participant_275.jpg,2025-12-31
276,Chris Brown,chris_johnson@yahoo.com,Harvard,New York,FinTech,Day 2,Completed,86,exciting fun rewarding challenging rewarding innovative fun educational educational challenging,participant_276.jpg,2026-01-01
277,Chris Brown,katie_johnson@outlook.com,MIT,Florida,Blockchain,Day 3,Ongoing,89,difficult intense fun fun fun educational rewarding average rewarding challenging,participant_277.jpg,2026-01-02
278,Sarah Taylor,emily_smith@gmail.com,CMU,Illinois,IoT,Day 2,Completed,50,educational fun fun innovative challenging great intense exciting innovative average,participant_278.jpg,2026-01-03
279,David Brown,emily_brown@outlook.com,Harvard,California,Blockchain,Day 3,Dropped,73,intense great educational challenging average exciting great challenging rewarding exciting,participant_279.jpg,2026-01-04
280,Alex Martin,michael_johnson@gmail.com,CMU,Illinois,FinTech,Day 1,Completed,100,fun educational exciting great difficult challenging innovative fun fun intense,participant_280.jpg,2026-01-05
281,Laura Johnson,sarah_martin@gmail.com,MIT,Florida,Cybersecurity,Day 2,Dropped,92,educational educational average rewarding educational fun intense exciting intense difficult,participant_281.jpg,2026-01-06
282,Emily White,katie_thomas@gmail.com,Harvard,New York,Cybersecurity,Day 1,Completed,86,challenging great fun great fun educational average innovative innovative challenging,participant_282.jpg,2026-01-07
283,Chris Anderson,jane_anderson@outlook.com,CMU,California,Blockchain,Day 3,Completed,63,innovative challenging educational difficult average great average exciting educational challenging,participant_283.jpg,2026-01-08
284,Emily Thomas,emily_anderson@outlook.com,Berkeley,Illinois,Blockchain,Day 3,Ongoing,98,difficult fun educational rewarding challenging great innovative fun average educational,participant_284.jpg,2026-01-09
285,Alex White,michael_smith@gmail.com,Harvard,Texas,Blockchain,Day 1,Completed,53,rewarding intense rewarding intense challenging exciting educational great fun exciting,participant_285.jpg,2026-01-10
286,Laura Taylor,chris_smith@gmail.com,MIT,Florida,Cybersecurity,Day 1,Dropped,71,exciting fun intense average difficult challenging average average challenging challenging,participant_286.jpg,2026-01-11
287,David Harris,sarah_smith@gmail.com,Berkeley,Texas,AI & ML,Day 3,Completed,60,intense rewarding rewarding great fun intense intense educational rewarding average,participant_287.jpg,2026-01-12
288,John Martin,chris_brown@gmail.com,Harvard,Illinois,IoT,Day 3,Ongoing,81,challenging intense challenging innovative difficult average great innovative rewarding rewarding,participant_288.jpg,2026-01-13
289,Michael Taylor,emily_jackson@outlook.com,Berkeley,New York,IoT,Day 1,Dropped,89,educational innovative innovative rewarding fun average exciting rewarding difficult difficult,participant_289.jpg,2026-01-14
290,Emily Martin,chris_jackson@outlook.com,MIT,Florida,AI & ML,Day 2,Dropped,77,intense exciting exciting educational innovative rewarding innovative intense intense intense,participant_290.jpg,2026-01-15
291,Katie White,katie_smith@yahoo.com,Harvard,Illinois,IoT,Day 2,Completed,86,fun great fun average rewarding rewarding exciting average average challenging,participant_291.jpg,2026-01-16
292,Chris Harris,sarah_martin@outlook.com,Stanford,Florida,AI & ML,Day 3,Dropped,56,fun challenging great innovative average difficult great average fun challenging,participant_292.jpg,2026-01-17
293,Laura Martin,sarah_smith@gmail.com,CMU,Florida,FinTech,Day 2,Completed,89,challenging difficult rewarding fun challenging fun intense innovative difficult intense,participant_293.jpg,2026-01-18
294,Alex Anderson,david_thomas@outlook.com,CMU,California,Cybersecurity,Day 1,Completed,80,educational challenging great innovative difficult fun exciting rewarding rewarding difficult,participant_294.jpg,2026-01-19
295,Laura Jackson,katie_jackson@outlook.com,Harvard,Illinois,AI & ML,Day 1,Completed,84,average great challenging difficult intense fun great average rewarding rewarding,participant_295.jpg,2026-01-20
296,Alex Smith,laura_smith@gmail.com,Harvard,California,Blockchain,Day 3,Ongoing,75,fun average difficult challenging intense great intense innovative intense fun,participant_296.jpg,2026-01-21
297,Laura Martin,katie_anderson@gmail.com,Harvard,California,FinTech,Day 3,Completed,60,challenging innovative difficult great intense educational intense fun rewarding average,participant_297.jpg,2026-01-22
298,Jane Johnson,david_harris@gmail.com,CMU,Texas,IoT,Day 2,Completed,98,fun challenging great fun challenging great innovative exciting fun average,participant_298.jpg,2026-01-23
299,Chris Harris,emily_taylor@yahoo.com,Berkeley,Illinois,Blockchain,Day 2,Completed,86,innovative innovative fun educational educational educational average rewarding intense average,participant_299.jpg,2026-01-24
300,Alex Anderson,sarah_smith@yahoo.com,CMU,California,Blockchain,Day 3,Ongoing,98,intense difficult intense rewarding innovative educational fun challenging exciting fun,participant_300.jpg,2026-01-25
301,David Anderson,jane_anderson@gmail.com,Stanford,Florida,FinTech,Day 3,Ongoing,83,educational difficult rewarding great exciting challenging innovative exciting great challenging,participant_301.jpg,2026-01-26
302,Sarah Anderson,chris_johnson@outlook.com,Harvard,New York,FinTech,Day 2,Dropped,75,intense innovative fun intense average great challenging average challenging difficult,participant_302.jpg,2026-01-27
303,Sarah Taylor,chris_johnson@outlook.com,MIT,Illinois,IoT,Day 2,Dropped,91,intense exciting exciting innovative average difficult fun exciting challenging innovative,participant_303.jpg,2026-01-28
304,David Jackson,jane_white@outlook.com,Harvard,California,Cybersecurity,Day 2,Ongoing,74,average innovative challenging rewarding great fun intense educational great difficult,participant_304.jpg,2026-01-29
305,David Smith,michael_johnson@yahoo.com,Harvard,California,Blockchain,Day 3,Dropped,52,average intense challenging innovative exciting great great difficult educational difficult,participant_305.jpg,2026-01-30
306,Alex Taylor,jane_brown@gmail.com,Berkeley,Texas,IoT,Day 3,Completed,90,average innovative difficult rewarding challenging fun average innovative innovative exciting,participant_306.jpg,2026-01-31
307,Sarah Johnson,sarah_smith@yahoo.com,CMU,California,Cybersecurity,Day 2,Completed,67,fun great challenging fun educational educational rewarding challenging difficult educational,participant_307.jpg,2026-02-01
308,Emily White,chris_taylor@outlook.com,Harvard,Illinois,FinTech,Day 1,Dropped,87,fun innovative innovative challenging challenging fun challenging educational average intense,participant_308.jpg,2026-02-02
309,Sarah Harris,michael_harris@yahoo.com,Harvard,New York,IoT,Day 3,Ongoing,83,exciting great challenging fun rewarding educational fun great difficult innovative,participant_309.jpg,2026-02-03
310,Jane Johnson,laura_jackson@yahoo.com,Stanford,Texas,Blockchain,Day 2,Dropped,89,fun fun great fun fun innovative average intense exciting fun,participant_310.jpg,2026-02-04
311,Laura White,chris_thomas@gmail.com,Berkeley,Florida,Cybersecurity,Day 3,Completed,98,fun average exciting challenging exciting intense educational difficult difficult challenging,participant_311.jpg,2026-02-05
312,Jane Taylor,emily_thomas@outlook.com,Harvard,Texas,FinTech,Day 2,Completed,74,rewarding fun average educational fun average average rewarding intense exciting,participant_312.jpg,2026-02-06
313,David Thomas,david_anderson@gmail.com,Harvard,New York,IoT,Day 3,Completed,54,rewarding innovative intense rewarding fun rewarding intense exciting intense rewarding,participant_313.jpg,2026-02-07
314,Emily Johnson,sarah_anderson@gmail.com,Berkeley,Texas,Blockchain,Day 3,Ongoing,87,educational innovative challenging fun rewarding rewarding fun exciting rewarding challenging,participant_314.jpg,2026-02-08
315,Laura Martin,emily_taylor@outlook.com,MIT,Illinois,Cybersecurity,Day 2,Dropped,55,challenging great difficult average educational great educational rewarding average intense,participant_315.jpg,2026-02-09
316,Jane Thomas,david_thomas@yahoo.com,MIT,Florida,FinTech,Day 3,Completed,95,great educational intense fun intense difficult exciting average educational innovative,participant_316.jpg,2026-02-10
317,Katie Johnson,sarah_johnson@gmail.com,Harvard,California,FinTech,Day 2,Ongoing,85,average great challenging average great great intense challenging exciting average,participant_317.jpg,2026-02-11
318,David Thomas,david_jackson@gmail.com,Berkeley,California,IoT,Day 3,Dropped,65,challenging great exciting great exciting educational intense average challenging difficult,participant_318.jpg,2026-02-12
319,Michael Martin,emily_johnson@yahoo.com,Stanford,Illinois,IoT,Day 2,Ongoing,80,fun average innovative intense intense great rewarding exciting innovative rewarding,participant_319.jpg,2026-02-13
320,Sarah Anderson,michael_taylor@outlook.com,Harvard,New York,IoT,Day 3,Completed,87,average average innovative rewarding average average intense exciting educational rewarding,participant_320.jpg,2026-02-14
321,Alex Jackson,katie_harris@outlook.com,CMU,Florida,FinTech,Day 2,Dropped,95,innovative innovative average fun difficult great exciting average innovative intense,participant_321.jpg,2026-02-15
322,Katie White,alex_thomas@yahoo.com,Berkeley,New York,Blockchain,Day 3,Dropped,68,educational educational difficult challenging fun great intense innovative educational exciting,participant_322.jpg,2026-02-16
323,Alex Martin,alex_johnson@yahoo.com,MIT,Texas,Blockchain,Day 3,Dropped,91,challenging rewarding great difficult fun fun exciting challenging difficult rewarding,participant_323.jpg,2026-02-17
324,Emily Brown,chris_taylor@gmail.com,Harvard,Texas,AI & ML,Day 3,Completed,57,rewarding great great exciting educational challenging fun intense exciting great,participant_324.jpg,2026-02-18
325,David Smith,katie_thomas@yahoo.com,CMU,Florida,FinTech,Day 3,Completed,64,rewarding fun educational exciting average difficult average average fun educational,participant_325.jpg,2026-02-19
326,David Taylor,john_martin@yahoo.com,CMU,Texas,Cybersecurity,Day 2,Dropped,66,rewarding rewarding innovative rewarding fun educational difficult innovative fun great,participant_326.jpg,2026-02-20
327,Laura White,chris_jackson@yahoo.com,Stanford,Texas,Blockchain,Day 2,Dropped,88,educational fun exciting exciting exciting rewarding exciting intense challenging challenging,participant_327.jpg,2026-02-21
328,Jane White,sarah_johnson@yahoo.com,Harvard,Texas,IoT,Day 2,Completed,78,average intense exciting educational educational innovative innovative educational intense exciting,participant_328.jpg,2026-02-22
329,David Harris,laura_harris@gmail.com,Stanford,Texas,IoT,Day 1,Ongoing,62,exciting intense fun difficult average great average average challenging innovative,participant_329.jpg,2026-02-23
330,Katie Smith,alex_jackson@yahoo.com,MIT,Florida,FinTech,Day 3,Ongoing,56,educational innovative exciting innovative fun exciting exciting fun great average,participant_330.jpg,2026-02-24
331,Laura Anderson,alex_harris@outlook.com,Stanford,New York,IoT,Day 3,Completed,88,intense intense fun difficult educational educational challenging rewarding exciting exciting,participant_331.jpg,2026-02-25
332,John Jackson,sarah_martin@yahoo.com,Stanford,Illinois,FinTech,Day 2,Ongoing,52,challenging educational exciting challenging difficult intense fun great educational innovative,participant_332.jpg,2026-02-26
333,Michael White,jane_martin@gmail.com,Berkeley,California,FinTech,Day 1,Completed,73,educational difficult difficult great challenging exciting average great innovative innovative,participant_333.jpg,2026-02-27
334,Sarah Johnson,michael_harris@outlook.com,CMU,California,Cybersecurity,Day 3,Dropped,90,rewarding fun great great exciting educational great exciting fun great,participant_334.jpg,2026-02-28
335,David Taylor,michael_martin@gmail.com,Berkeley,Florida,IoT,Day 3,Completed,96,innovative challenging fun exciting challenging innovative exciting innovative difficult intense,participant_335.jpg,2026-03-01
336,Michael Brown,michael_smith@outlook.com,Berkeley,New York,Blockchain,Day 2,Completed,50,exciting difficult rewarding innovative innovative innovative intense intense exciting fun,participant_336.jpg,2026-03-02
337,Chris Thomas,sarah_johnson@gmail.com,Harvard,Illinois,AI & ML,Day 2,Dropped,84,rewarding great fun innovative average rewarding fun challenging educational average,participant_337.jpg,2026-03-03
338,Emily Harris,michael_brown@gmail.com,CMU,New York,FinTech,Day 3,Ongoing,100,average innovative fun average intense difficult rewarding average intense innovative,participant_338.jpg,2026-03-04
339,Katie Martin,jane_smith@gmail.com,CMU,California,Cybersecurity,Day 3,Completed,87,fun difficult difficult innovative educational great exciting difficult exciting average,participant_339.jpg,2026-03-05
340,Emily Smith,david_jackson@gmail.com,CMU,New York,AI & ML,Day 1,Ongoing,89,average great educational challenging fun rewarding average intense challenging difficult,participant_340.jpg,2026-03-06
341,Jane Jackson,laura_martin@gmail.com,Stanford,Florida,IoT,Day 1,Dropped,95,challenging innovative great educational difficult exciting difficult challenging educational great,participant_341.jpg,2026-03-07
342,Emily Johnson,david_anderson@yahoo.com,MIT,Florida,IoT,Day 1,Dropped,63,great rewarding rewarding intense intense average challenging exciting challenging educational,participant_342.jpg,2026-03-08
343,Alex Thomas,jane_smith@yahoo.com,Harvard,Florida,FinTech,Day 3,Ongoing,67,innovative exciting educational great challenging exciting innovative fun average average,participant_343.jpg,2026-03-09
344,David Johnson,laura_anderson@yahoo.com,Harvard,Florida,IoT,Day 2,Completed,75,fun educational difficult average fun average fun innovative exciting educational,participant_344.jpg,2026-03-10
345,Sarah Harris,laura_smith@gmail.com,Stanford,Florida,Blockchain,Day 2,Completed,73,fun innovative challenging great fun innovative rewarding challenging challenging average,participant_345.jpg,2026-03-11
346,John Martin,john_martin@outlook.com,CMU,Texas,Cybersecurity,Day 2,Dropped,50,rewarding difficult exciting great great challenging fun great intense educational,participant_346.jpg,2026-03-12
347,Jane Anderson,chris_anderson@outlook.com,Stanford,Illinois,IoT,Day 3,Ongoing,98,educational great great intense challenging great intense educational fun difficult,participant_347.jpg,2026-03-13
348,David Brown,john_harris@gmail.com,Berkeley,California,AI & ML,Day 2,Ongoing,83,difficult educational fun fun average educational rewarding difficult educational difficult,participant_348.jpg,2026-03-14
349,David Smith,katie_thomas@gmail.com,Harvard,Texas,Cybersecurity,Day 1,Ongoing,59,intense difficult fun educational exciting fun difficult innovative fun rewarding,participant_349.jpg,2026-03-15
350,Chris Brown,emily_white@outlook.com,Stanford,Florida,Cybersecurity,Day 3,Completed,59,fun intense fun difficult average educational rewarding rewarding average average,participant_350.jpg,2026-03-16
